Date,time-in,time-out
20.05.2021,8:00,11:30
20.05.2021,12:30,17:00
21.05.2021,8:10,11:40
21.05.2021,12:40,17:10
20.05.2021,8:00,11:30
20.05.2021,12:30,17:00
21.05.2021,8:10,11:40
21.05.2021,12:40,17:10
20.05.2021,8:00,11:30
20.05.2021,12:30,17:00
21.05.2021,8:10,11:40
21.05.2021,12:40,17:10
20.05.2021,8:00,11:30
20.05.2021,12:30,17:00
21.05.2021,8:10,11:40
21.05.2021,12:40,17:10
20.05.2021,8:00,11:30
20.05.2021,12:30,17:00
21.05.2021,8:10,11:40
21.05.2021,12:40,17:10
20.05.2021,8:00,11:30
20.05.2021,12:30,17:00
21.05.2021,8:10,11:40
21.05.2021,12:40,17:10
20.05.2021,8:00,11:30
20.05.2021,12:30,17:00
21.05.2021,8:10,11:40
21.05.2021,12:40,17:10
20.05.2021,8:00,11:30
20.05.2021,12:30,17:00
20.05.2021,8:00,11:30
20.05.2021,12:30,17:00
21.05.2021,8:10,11:40
21.05.2021,12:40,17:10
20.05.2021,8:00,11:30
20.05.2021,12:30,17:00
21.05.2021,8:10,11:40
21.05.2021,12:40,17:10
20.05.2021,8:00,11:30
20.05.2021,12:30,17:00
21.05.2021,8:10,11:40
21.05.2021,12:40,17:10
20.05.2021,8:00,11:30
20.05.2021,12:30,17:00
21.05.2021,8:10,11:40
21.05.2021,12:40,17:10
20.05.2021,8:00,11:30
20.05.2021,12:30,17:00
21.05.2021,8:10,11:40
21.05.2021,12:40,17:10
20.05.2021,8:00,11:30
20.05.2021,12:30,17:00
21.05.2021,8:10,11:40
21.05.2021,12:40,17:10
20.05.2021,8:00,11:30
